{"11":{"uid":"11","key":"introduction","lang":"de","display":"0","sort":"10","title":"Was ist CloudApiAdmin?","body":"CloudApiAdmin besteht aus einem kleinen Webframework welches Dienste zur Ausf&uuml;hrung von Skripten wie beispielsweise DB- oder API- Abfragen bereitstellt. \n\n==== &Uuml;bersichtlich ====\nDie Applikation besteht aus 4 Programmteilen (Aktionen).\n- In **Dateien** werden hochgeladene oder \u00fcber SQL-Befehl erstellte CSV-Tabellen miteinander kombiniert. \n- In **Clouduser** werden alle in der Cloud vorhandenen Benutzer und Gruppen abgefragt und mit den lokalen CSV-Dateien abgeglichen.\n- In **Export** wird der Export zur Cloud gestartet und \u00fcberwacht.\n- In **Cloudgruppen** werden gruppenweise PDF-Dateien erstellt, zur Cloud hochgeladen und (optional) mit den Gruppenmitgliedern geteilt.\n\n\n====Ressourcen schonend====\nDie Dauer der Cloud-Abrufe und der Pausen zwischen den Wiederholung werden vom Anwender festgelegt. Dadurch wird stark belasteten Cloudservern Zeit zur Erholung einger&auml;umt. Durch den Einsatz eines Cron-D&auml;mons kann die Datenpflege auf eine Tageszeit mit wenig Serverlast verlegt werden.\n\n====Flexible Konfiguration====\n* Die hochgeladenen CSV (oder XLS, XLSX, ODS) -Dateien k&ouml;nnen unterschiedliche Spezifikationen aufweisen und miteinander kombiniert und ver&auml;ndert werden. \n* Quotas k&ouml;nnen der Gruppenzugeh&ouml;rigkeit entsprechend &uuml;ber eine Quota-Tabelle zugewiesen werden.\n* Das l&ouml;schen von Benutzern kann entweder &uuml;ber eine L&ouml;sch-CSV-Datei (Option 'use_delete_list') oder durch Abgleichung erfolgen (Fehlende werden gel&ouml;scht).\n* Eine Anwendung kann mehrere Cloud-Accounts verwalten.\n* Der Zugriff von Benutzern auf einzelne Cloud-Accounts, Programmteile und Funktionen wird Gruppenweise mittels ACL gesteuert.\n* Die Anzeige erfolgt je nach Spracheinstellung des Browsers in Deutsch oder Englisch.\n\n==== Erweiterbar ====\n\nDas Microframework wurde zur Ressourcen schonenden Pflege der Benutzerdaten von Nextcloud entwickelt, kann aber beliebig abge&auml;ndert oder erweitert werden. \nDienste von anderen Autoren (FPDF, Spout f&uuml;r XLSX \/ ODS, PHP-ExcelReader f&uuml;r XLS) k&ouml;nnen abgeschaltet oder gel&ouml;scht werden. (Konfiguration &rarr; Installation)"},"12":{"uid":"12","key":"requirements","lang":"de","display":"0","sort":"20","title":"Anforderungen","body":"* Serverumgebung mit PHP ab 5.5\n* keine Datenbank erforderlich.\n* Unter Apache die Verwendung von .htaccess einschalten oder einen anderen Schutz vor Einsicht anwenden (siehe unter Installation).\n* PHP-Module: FPDF ben&ouml;tigt Zlib und GD f&uuml;r den GIF support siehe [[ http:\/\/www.fpdf.org | www.fpdf.org ]]\n* Getestet an Nexcloud 11.0x und 12.04, PHP 5.6.33 und 7.0, MySQL 5.6.38"},"13":{"uid":"13","key":"installation","lang":"de","display":"0","sort":"30","title":"Installation","body":"==== Dateien kopieren und einloggen ====\nDen Ordner 'cloudApiAdmin' oder dessen Inhalt zum Webserver kopieren (in den Webspace). Das Skript in einem Browser aufrufen und einloggen.\nBeim ersten Aufruf von Modulen k&ouml;nnen Musterdaten geladen werden. Das geht nur wenn keine Daten vorhanden sind.\n\n===Startdateien===\nWenn die Datei **index.php** verschoben wird, muss darin der Pfad zum Scripte-Ordner (SCR_DIR) und zum Daten-Ordner (DATA_DIR) angepasst werden. Die Index-Datei kann noch weitere ver&auml;nderbare Optionen enthalten, sie kann auch umbenannt werden.\n**index2.php** ist eine Kopie von index.php mit anderem Datenordner und abge&auml;nderten Parametern.\n\nWenn der daten Ordner verschoben wird, muss auch der Pfad zum Daten-Ordner (DATA_DIR) in der Datei script\/Classes\/Commands\/**cli_dispatch.phpsh** angepasst werden.\n\n=== Rechte &uuml;berpr&uuml;fen (nur f&uuml;r Linux Server)===\n* Alle Ordner m&uuml;ssen durch den __Webserver lesbar__ sein.\n* Der Ordner 'data' muss durch den __Webserver beschreibbar__ sein. Eine .htaccess Datei sch&uuml;tzt vor Lesezugriff &uuml;ber Browser.\n* Die Ordner .\/script und .\/script\/Public (und alle Dateien unterhalb von Public) m&uuml;ssen f&uuml;r __jedermann lesbar__ sein.\n* Um Cron-D&auml;mon und Kommandozeile zu erm&ouml;glichen versucht das installscript die Datei ...\/script\/Classes\/Commands\/cli_dispatch.phpsh f&uuml;r den Webserver und den __Crond&auml;mon ausf&uuml;hrbar__ zu machen.\n\n===Login===\nDer vordefinierte **Benutzername** lautet 'admin', das Passwort 'admin1'. Bitte im Menu Konfiguration unter 'Benutzer' &auml;ndern.\n\n====Konfiguration====\n* Alle Konfigurations-Dateien befinden sich im Ordner script\/Private\/Config. \n* Im Menu 'Konfiguration' vorgenomme &Auml;nderungen werden in separaten json-Dateien im Daten-Verzeichnis (global) oder einem dort untergeordneten Verzeichnis (lokal) gespeichert.\n* Um die eigenen Einstellungen als Voreinstellungen zu speichern einfach die gew&uuml;nschten json-Dateien ab Datenordner in den Ordner Private\/Config\/own\/ kopieren.\n* Passworte werden zur Sicherheit immer verschl&uuml;sselt gespeichert. Die Variable 'cryptedPasswordInDefaultTables' auf '0' setzen, wenn in den Voreinstellungen unverschl&uuml;sselte Passworte eingesetzt werden sollen.\n* Weitere Voreinstellungen befinden sich in den Models (NotesModel, SqlconnectModel und UsersModel). Durch Ableiten der Klasse modelBase werden sehr einfach zus&auml;tzliche Tabellen und Funktionen erstellt. \n* In der Klasse TableFunctionsUtility k&ouml;nnen eigene Skripte erfasst werden."},"14":{"uid":"14","key":"releasenotes","lang":"de","display":"0","sort":"40","title":"Release Notes","body":"+ __Vers. Date       Notes__\n+ 3.035 13.02.2020 Notes updated, new blue favicon, removed redundant preview part from action 'vergleich'. Bugfix in NotesController.php.\n+ 3.034 11.02.2020 debug bootup_setting.php and added comment for script-description in notes-model.\n+ 3.033 05.01.2020 favicon added.\n+ 3.032 24.12.2019 Bugfix obdsolete OK Button on lists without checkboxes.\n+ 3.031 21.12.2019 Bugfix delete_list was broken.\n+ 3.030 19.12.2019 Download Compare-Lists as Table. Pager in ActionController: handling combined with submit-button.\n+ 3.029 15.12.2019 Cronjob 1. delayed jobs are called up to 4 minutes before. 2. Wrong cron-time returns a message.\n+ 3.028 08.12.2019 Help-Text correctures.\n+ 3.027 08.08.2019 Bugfix in ActionsController. Deleting cache was only possible in debug-mode.\n+ 3.026 04.07.2019 Fixes for PHP 7, count on null produces errors in PHP7.\n+ 3.025 02.07.2019 Bugfix in ReadCloudUtility: The xml file from Nextcloud Version 15 contains no fieldname if a field is empty. \n+ 3.024 01.06.2018 Bugfix: Wrong uploadfolder when working with else than csv (xlsx,ods).\n+ 3.023 10.05.2018 Bugfix: users had doubled group-rows.\n+ 3.022 23.02.2018 edit upload list displays now beside amount also checked items in update list. Name of service listed in ^^Install^^\n+ 3.020 20.02.2018 Display and download calculated differences - for information or backup purpose. Bugfixes ...3.021\n+ 3.019 18.02.2018 now rename files, delete BgImg-Folder possible. Re-edited Note defaults. Moved row_accounts to category 'syncronisation'.\n+ 3.018 14.02.2018 storing with json, no more serialize. Re-edited notes.\n+ 3.017 13.02.2018 Notes can be edited with own Texteditor in wiki-syntax, json-files can be used as default files.\n+ 3.012 03.02.2018 installer tries to make cli_dispatch.phpsh executable on linux-server. ...3.016\n+ 3.011 02.02.2018 added directory_autorisation for folders, connection error handling\n+ 3.010 28.01.2018 Major settings changes. Moved orphan-handling from global to local. Changed behavior of autostarter.\n+ 3.001 22.01.2018 new design, added AccesControlSystem, redesigned core, bugfixes in toolbar, autostarter, model. ...3.003\n+ 2.001 31.12.2017 create tables from sql-querys; share documents and edit pdf-settings in settings-mask ...2.012\n+ 1.000 01.11.2017 first published release ...1.208\n+ 0.001 20.08.2017 first release ...0.037"},"15":{"uid":"15","key":"cron","lang":"de","display":"9","sort":"50","title":"Cron-D&auml;mon &amp; Kommandozeile","body":"Der Cron-D&auml;mon soll angewiesen werden, die ausf&uuml;hrbare Scriptdatei cli_dispatch.phpsh ohne Parameter jede Minute einmal auszuf&uuml;hren.\nDie eigentliche Ausf&uuml;hrungszeit wird in der Konfiguration der Applikation festgelegt (settings['exec_reset'] und settings['exec_action']).\n\n<br \/>\nBeispiel eines Cron-Eintrages ohne Parameter:\n+ * * * * * [Pfad-zur-Anwendung]\/cloudApiAdmin\/script\/Classes\/Commands\/cli_dispatch.phpsh\n\n<br \/>\nBeispiel eines Cron-Eintrages ohne Parameter und ohne Email- Benachrichtigung:\n+ * * * * * [Pfad-zur-Anwendung]\/cloudApiAdmin\/script\/Classes\/Commands\/cli_dispatch.phpsh >\/dev\/null 2>&1\n\n<br \/>\nWeitere Hinweise zu m&ouml;glichen Parametern der ausf&uuml;hrbaren Datei cli_dispatch.phpsh befinden sich in der Datei selber.\n\n**Wichtig:** (nur f&uuml;r Linux Server) &Uuml;berpr&uuml;fen ob erfolgt: Um Cron-D&auml;mon und Kommandozeile zu erm&ouml;glichen versucht das installscript die Datei ...\/script\/Classes\/Commands\/cli_dispatch.phpsh f&uuml;r den Crond&auml;mon ausf&uuml;hrbar zu machen."},"16":{"uid":"16","key":"scripts","lang":"de","display":"0","sort":"60","title":"Skript-Dateien","body":"==== Dateien ====\nDer Ordner 'script' enth&auml;lt folgende Dateien:\n+ __Classes__\n+  23 scripts in Core, ViewHelpers and Services\n+  16 scripts in Controller, Utility and Models (can easy be customized)\n+   1 script in Command (executable for cron + cli-user) \n+   1 script in Contributed\/fpdf + 14 font-files\n+   1 script in Contributed\/excel_reader\n+ 101 files in Contributed\/Spout (xlsx + ods)\n+ __Private__\n+   2 static config files (default settings)\n+   2 language files (en,de)\n+   8 temlate files \n+ __Public__\n+   3 background image files (readable by anyone, may be changed or deleted) \n+   1 css file (readable by anyone) \n+   6 icons image files (readable by anyone)\n+   1 php image-file (allows display image files in private folders)\n+   2 js files (readable by anyone)\n\n====Speicherplatz Verbrauch====\n725 KiB verwendet durch eigene Skripte und Templates (zum Betrieb n&ouml;tige Dateien) \n333 KiB verwendet durch 3 Hintergrundbilder (Optional, Inhalt des Ordners BgImg kann gel&ouml;scht oder ge&auml;ndert werden)\n__654 KiB__ verwendet durch Skripts anderer Autoren in Contributed (Optional, kann ausgeschaltet oder gel&ouml;scht werden)\n1.7 MiB total (Kann auf 725 KiB reduziert werden)\n\n==== PHP-Klassen, Konfigurationsdateien und Templates ====\n\n===SCRIPTS in folder Classes\/===\n\n==CORE (10)==\n\n+ core\n+ core\/bootup_settings\n+ core\/boot\n^^boot^^ startet controller -> view -> html\n\n+ core\/boot\/cli_boot\n^^cli_boot^^ wird ab Kommandozeile oder Cron durch Aufruf der Datei ^^cli_dispatch.phpsh^^ gestartet und f&uuml;hrt Befehle in der Klasse ^^CliTasksUtility^^ aus.\n\n+ core\/controllerBase\n+ core\/modelBase( settings )\n+ core\/tablefunctionsBase( settings )\n\n+ viewBase( settings! )\n+ viewBase\/obj( settings! )\n+ viewBase\/view( settings! ) \n^^view^^ L&auml;dt alle ViewHelpers ihrem Namen entsprechend als ^^view->Models^^, ^^view->Objects^^, ^^view->JavaScript^^.\n\n\n==VIEWHELPER (3)==\n\n+ viewBase\/obj\/ModelsViewHelper( settings! )\n+ viewBase\/obj\/ObjectsViewHelper( settings! )\n+ viewBase\/obj\/JavaScriptViewHelper( settings! )\n\n==SERVICES (10)==\nServices erweitern keine anderen Klassen, sie k&ouml;nnen als Standalone-Klassen gestartet werden\n\n+ AuthService( settings! )\n+ ConnectorService( settings! )\n+ CryptService( array clear_key! )\n+ CsvService\n+ FileHandlerService( settings! )\n+ InstallerService( settings! )\n+ PdfService\n+ SpreadsheetService\n+ SyntaxService\n+ XmlService\n\n==CONTROLLER (4)==\nController beschreiben die Haupt-Teile der Anwendung, sie enthalten Aktionen (Seiten)\n\n+ core\/controllerBase\/ActionsController\n+ core\/controllerBase\/ConfigurationController\n+ core\/controllerBase\/DocumentsController\n+ core\/controllerBase\/NotesController\n\n==UTILITY (9)==\n\n+ core\/TransformTablesUtility\n+ core\/controllerBase\/DataUtility\n+ core\/controllerBase\/DataUtility\/ReadCloudUtility\n+ core\/controllerBase\/DataUtility\/CreateJobsUtility\n+ core\/controllerBase\/DataUtility\/CreateJobsUtility\/JobsEditorUtility\n+ core\/tablefunctionsBase\/TableFunctionsUtility\n+ core\/controllerBase\/DataUtility\/UpdateCloudUtility\n+ core\/controllerBase\/CliTasksUtility\n+ core\/controllerBase\/DataUtility\/GroupDocsUtility \nGroupDocsUtility Ben&ouml;tigt FPDF vom Ordner Contributed\n\n==MODELS (3)==\nModels beschreiben jeweils eine Tabelle mit Tabellenname, Felddefinition und Beispieldaten\n\n+ core\/modelBase\/NotesModel\n+ core\/modelBase\/SqlconnectModel\n+ core\/modelBase\/UsersModel\n\n==COMMANDS (1)==\n\n+ cli_dispatch.phpsh \nStartet cli_boot, muss ausf&uuml;hrbar sein!\n\n==CONTRIBUTED (3 Anwendungen)==\n\n+ fpdf.php\n+ fonts ordner f&uuml;r fpdf\n+ Spout\n+ excel_reader27.php\n\n==== Ordner Private\/====\n==CONFIG im Ordner Private\/Config\/==\n\nVoreinstellungen settings:\n+ Private\/Config\/settings.php\n+ Private\/Config\/table_conf.php\n\nEigene Voreinstellungen f&uuml;r Settings oder Models einsetzen:\nJson-Dateien ab Datenordner in den Ordner Private\/Config\/own\/ kopieren.\n\n\n==LANGUAGE im Ordner Private\/Language\/==\n\n\n+ Private\/Language\/labels.de.php\n+ Private\/Language\/labels.en.php\n\n== HTML-TEMPLATES in Ordnern Private\/Layouts\/, Private\/Partials\/ und Private\/View\/ ==\n\n+ Private\/Layouts\/general.html\n+ Private\/Partials\/ActionsToolbar.html\n+ Private\/Partials\/ConfigurationToolbar.html\n+ Private\/Partials\/DocumentsToolbar.html\n+ Private\/Partials\/NotesToolbar.html\n+ Private\/View\/default.html\n+ Private\/View\/viewnotes.html\n+ Private\/View\/welcome.html\n\nIm Ordner Private\/Partials\/ muss sich pro Controller ein template f&uuml;r die Toolbar befinden, der Name kann in der Variable fallbackPartial ge&auml;ndert werden. Voreinstellung ist der Controllername.\nWenn eine Datei in Private\/View\/ mit einer Aktion im Actioncontroller &uuml;bereinstimmt, wird dieses Template zum rendern genommen."},"21":{"uid":"21","key":"introduction","lang":"en","display":"0","sort":"10","title":"What is CloudApiAdmin?","body":"CloudApiAdmin comes with a tiny webframework leaned on MVC-framworks - it can execute scripts like SQL- or API requests.\n\n==== Handy ====\nThe application comes in 4 program parts (actions).\n- The part **Files** handles uploaded CSV-files or creates it from sql-statements and combines them for optimized export.\n- The part **Clouduser** requests the cloud for all existing users and groups to detect differences between cloud and local CSV-files.\n- The part **Export** starts and controls exports to cloud.\n- The part **Cloudgroups** finally creates, uploads and shares pdf-files with group-members.\n\n==== Resource friendly ====\nThe executiontime and pause until the next call is defined by application-operator. Heavily used servers may release during pauses. Calling the script by cron is practically for api-calls during periods with less traffic.\n\n==== Flexible Configuration ====\n* Uploaded csv-files  (or XLS, XLSX, ODS) with variably specifications can be combined. \n* Quotas can be assigned in relation to group-membership over a quota-table.\n* User deletion can be done over a deletion-list (option 'use_delete_list') or by exclusion.\n* A single Application can handle severeal cloud-Accounts. \n* Users access to specific cloud-Account, variable or function ist controled by ACL.\n* Current languages are german and english, the output depends on browsers setting.\n\n==== Extendable ====\n \nCloudApiAdmin was developped to provide ressources-friendly user provisioning for owncloud or nextcloud installations. But it is easy to modify or extend it.\nServices from other authors (FPDF, Spout for XLSX \/ ODS, PHP-ExcelReader for XLS) can be desabled or deleted. (Configuration &rarr; Installation)"},"22":{"uid":"22","key":"requirements","lang":"en","display":"0","sort":"20","title":"Requirements","body":"* Server environment with PHP >= 5.5\n* No Database affored\n* Enable the use of .htaccess if you run apache, or activate some other read-protection by yourself (see installation).\n* PHP-Modules: FPDF requires Zlib to enable compression and GD for GIF support, see [[ http:\/\/www.fpdf.org | www.fpdf.org ]]\n* Tested on Nextcloud 11.0x and 12.04, PHP 5.6.33 and 7.0, MySQL 5.6.38"},"23":{"uid":"23","key":"installation","lang":"en","display":"0","sort":"30","title":"Installation","body":"==== Copy files and login ====\nCopy the folder 'cloudApiAdmin' or all contents to the Webspace. Run Script in a browser and login. \nThe first time you run cloudApiAdmin you may load default data. This is only posssible while no data is given.\n\n===Startfiles===\nThe file **index.php** contains the path to the script- (SCR_DIR) and the data-directory (DATA_DIR). Optionally it may contain some more settings. If the file get moved, the pathnames in the file itself must be changed aswell.\n**index2.php** is a copy of index.php with different data-folder and parameters.\n\nIf you change the path to the 'data' directory, you must also change the data-directory (DATA_DIR) in file **cli_dispatch.phpsh**. \n\n=== Proove Rights  (only for Linux servers)===\n* All directories must be __readable by the webserver__.\n* The folder named 'data' must be __writable by webserver__. It gets protected from reading by browsers with a .htaccess file.\n* The folders .\/script and .\/script\/Public (and all files underneath Public)  must be __readable for public__ (all).\n* For usage of cron and cli the boot-script tries to make the file .\/cloudApiAdmin\/script\/Classes\/Commands\/cli_dispatch.phpsh __executable by cron__ & webserver.\n\n===Login===\nPredefined  ** username **  ist 'admin' with password 'admin1'. Please change it after login by visiting the 'users' page (in configuration).\n\n==== Configuration ====\n* All configuration-files are located at script\/Private\/Config\/\n* Changed options where stored in separate files located in the data-folders root (global) or in one of its subfolders (local)\n* Passwords are stored always crypted. Set the variable 'cryptedPasswordInDefaultTables' to '0' if you want to use clear password in your default settings.\n* More default values are stored in the Models (NotesModel, SqlconnectModel und UsersModel). By extending the class modelBase it is easy to add new tables and functions.\n* The class TableFunctionsUtility can be extended with own scripts."},"24":{"uid":"24","key":"releasenotes","lang":"en","display":"0","sort":"40","title":"Release Notes","body":"+ __Vers. Date       Notes__\n+ 3.035 13.02.2020 Notes updated, new blue favicon, removed redundant preview part from action 'vergleich'. Bugfix in NotesController.php.\n+ 3.034 11.02.2020 debug bootup_setting.php and added comment for script-description in notes-model\n+ 3.033 05.01.2020 favicon added.\n+ 3.032 24.12.2019 Bugfix obdsolete OK Button on lists without checkboxes.\n+ 3.031 21.12.2019 Bugfix delete_list was broken.\n+ 3.030 19.12.2019 Download Compare-Lists as Table. Pager in ActionController: handling combined with submit-button.\n+ 3.029 15.12.2019 Cronjob 1. delayed jobs are called up to 4 minutes before. 2. Wrong cron-time returns a message.\n+ 3.028 08.12.2019 Help-Text correctures.\n+ 3.027 08.08.2019 Bugfix in ActionsController. Deleting cache was only possible in debug-mode.\n+ 3.026 04.07.2019 Fixes for PHP 7, count on null produces errors in PHP7.\n+ 3.025 02.07.2019 Bugfix in ReadCloudUtility: The xml file from Nextcloud Version 15 contains no fieldname if a field is empty. \n+ 3.024 01.06.2018 Bugfix: Wrong uploadfolder when working with else than csv (xlsx,ods).\n+ 3.023 10.05.2018 Bugfix: users had doubled group-rows.\n+ 3.022 23.02.2018 edit upload list displays now beside amount also checked items in update list. Name of service listed in ^^Install^^\n+ 3.020 20.02.2018 Display and download calculated differences - for information or backup purpose. Bugfixes ...3.021\n+ 3.019 18.02.2018 now rename files, delete BgImg-Folder possible. Re-edited Note defaults. Moved row_accounts to category 'syncronisation'.\n+ 3.018 14.02.2018 storing with json, no more serialize. Re-edited notes.\n+ 3.017 13.02.2018 Notes can be edited with own Texteditor in wiki-syntax, json-files can be used as default files.\n+ 3.012 03.02.2018 installer tries to make cli_dispatch.phpsh executable on linux-server. ...3.016\n+ 3.011 02.02.2018 added directory_autorisation for folders, connection error handling\n+ 3.010 28.01.2018 Major settings changes. Moved orphan-handling from global to local. Changed behavior of autostarter.\n+ 3.001 22.01.2018 new design, added AccesControlSystem, redesigned core, bugfixes in toolbar, autostarter, model. ...3.003\n+ 2.001 31.12.2017 create tables from sql-querys; share documents and edit pdf-settings in settings-mask ...2.012\n+ 1.000 01.11.2017 first published release ...1.208\n+ 0.001 20.08.2017 first release ...0.037"},"25":{"uid":"25","key":"cron","lang":"en","display":"9","sort":"50","title":"Cron-daemon & command line","body":"For Cron-Usage call the commmand cli_dispatch.phpsh without options every minute.\nThe real execution time gets configurated in the applications configuration-page.\n\n<br \/>\nExample of a cron call without parameters:\n<pre> * * * * * [path-to-application]\/cloudApiAdmin\/script\/Classes\/Commands\/cli_dispatch.phpsh<\/pre>\nExample of a cron call without parameters and withot email-notifications: <pre> * * * * * [path-to-application]\/cloudApiAdmin\/script\/Classes\/Commands\/cli_dispatch.phpsh >\/dev\/null 2>&1<\/pre>\n\nSee documentation in the file cli_dispatch.phpsh for further informations on how to run the command.\n\n** Important **  (only for Linux servers) For usage of cron and cli the file ...\/cloudApiAdmin\/script\/Classes\/Commands\/cli_dispatch.phpsh must be executable by webserver. The boot-script tries to do that for you, please prove whether it was successful."},"26":{"uid":"26","key":"scripts","lang":"en","display":"0","sort":"60","title":"script-files","body":"==== Files ====\nThe directory 'script' contains following php-files: \n+ __Classes__\n+  23 scripts in Core, ViewHelpers and Services\n+  16 scripts in Controller, Utility and Models (can easy be customized)\n+   1 script in Command (executable for cron + cli-user) \n+   1 script in Contributed\/fpdf + 14 font-files\n+   1 script in Contributed\/excel_reader\n+ 101 files in Contributed\/Spout (xlsx + ods)\n+ __Private__\n+   2 static config files (default settings)\n+   2 language files (en,de)\n+   8 temlate files \n+ __Public__\n+   3 background image files (readable by anyone, may be changed or deleted) \n+   1 css file (readable by anyone) \n+   6 icons image files (readable by anyone)\n+   1 php image-file (allows display image files in private folders)\n+   2 js files (readable by anyone)\n\n====Diskspace usage====\n725 KiB used by own scripts and templates (minimal affored files) \n333 KiB used by Background images (optional, content of folder BgImg can be deleted)\n__654 KiB__ by scripts in Contributed (optional, content can be disabled or deleted)\n1.7 MiB total (can be reduced to 725 KiB)\n\n==== PHP-Classes, config files and templates ====\n\n===SCRIPTS in folder Classes\/===\n\n==CORE (10)==\n\n+ core\n+ core\/bootup_settings\n+ core\/boot\n^^boot^^ starts controller -> view -> html\n\n+ core\/boot\/cli_boot\n^^cli_boot^^ get started from commandline or cron by calling the file ^^cli_dispatch.phpsh^^. The script executes commmands from class ^^CliTasksUtility^^.\n\n+ core\/controllerBase\n+ core\/modelBase( settings! )\n+ core\/tablefunctionsBase( settings! )\n\n+ viewBase( settings! )\n+ viewBase\/obj( settings! )\n+ viewBase\/view( settings! ) \n^^view^^ Loads all found viewhelpers as ^^view->Models^^, ^^view->Objects^^, ^^view->JavaScript^^ (depending on their names)\n\n==VIEWHELPER (3)==\n\n+ viewBase\/obj\/ModelsViewHelper( settings! )\n+ viewBase\/obj\/ObjectsViewHelper( settings! )\n+ viewBase\/obj\/JavaScriptViewHelper( settings! )\n\n==SERVICES (10)==\nServices dont extend any class, so they can be used as standalone classes\n\n+ AuthService( settings! )\n+ ConnectorService( settings! )\n+ CryptService( array clear_key! )\n+ CsvService\n+ FileHandlerService( settings! )\n+ InstallerService( settings! )\n+ PdfService\n+ SpreadsheetService\n+ SyntaxService\n+ XmlService\n\n==CONTROLLER (4)==\nController describing the main parts of the application, they contain actions (Pages)\n+ core\/controllerBase\/ActionsController\n+ core\/controllerBase\/ConfigurationController\n+ core\/controllerBase\/DocumentsController\n+ core\/controllerBase\/NotesController\n\n==UTILITY (9)==\n\n+ core\/TransformTablesUtility\n+ core\/controllerBase\/DataUtility\n+ core\/controllerBase\/DataUtility\/ReadCloudUtility\n+ core\/controllerBase\/DataUtility\/CreateJobsUtility\n+ core\/controllerBase\/DataUtility\/CreateJobsUtility\/JobsEditorUtility\n+ core\/tablefunctionsBase\/TableFunctionsUtility\n+ core\/controllerBase\/DataUtility\/UpdateCloudUtility\n+ core\/controllerBase\/CliTasksUtility\n+ core\/controllerBase\/DataUtility\/GroupDocsUtility \nGroupDocsUtility needs class FPDF from folder contributed.\n\n==MODELS (3)==\nModels describing tables with tablename, fielddefinitions and default-data.\n\n+ core\/modelBase\/NotesModel\n+ core\/modelBase\/SqlconnectModel\n+ core\/modelBase\/UsersModel\n\n==COMMANDS (1)==\n\n+ cli_dispatch.phpsh \nStarts cli_boot, must be executable!\n\n==CONTRIBUTED (3 Applications)==\n\n+ fpdf.php\n+ fonts folder for fpdf\n+ Spout\n+ excel_reader27.php\n\n==== Ordner Private\/====\n==CONFIG in folder Private\/Config\/==\n\ndefault settings:\n+ Private\/Config\/settings.php\n+ Private\/Config\/table_conf.php\n\nAdd your own default settings or default model-tables:\nDrop files from data-folder to Private\/Config\/own\/\n\n\n\n==LANGUAGE in folder Private\/Language\/==\n\n\n+ Private\/Language\/labels.de.php\n+ Private\/Language\/labels.en.php\n\n== HTML-TEMPLATES in folders Private\/Layouts\/, Private\/Partials\/ and Private\/View\/ ==\n\n+ Private\/Layouts\/general.html\n+ Private\/Partials\/ActionsToolbar.html\n+ Private\/Partials\/ConfigurationToolbar.html\n+ Private\/Partials\/DocumentsToolbar.html\n+ Private\/Partials\/NotesToolbar.html\n+ Private\/View\/default.html\n+ Private\/View\/viewnotes.html\n+ Private\/View\/welcome.html\n\nIf a file in Private\/View\/ matches with an action, this file is taken to render.\nEach controller needs a corresponding toolbar-template in Private\/Partials\/ unless there is a other template registered in the controllers variable ^^fallbackPartial^^ "}}